<?xml version="1.0" encoding="UTF-8"?>
<project-private xmlns="http://www.netbeans.org/ns/project-private/1">
    <editor-bookmarks xmlns="http://www.netbeans.org/ns/editor-bookmarks/2" lastBookmarkId="0"/>
    <open-files xmlns="http://www.netbeans.org/ns/projectui-open-files/2">
        <group>
            <file>file:/C:/xampp/htdocs/Shop/header.php</file>
            <file>file:/C:/xampp/htdocs/Shop/Pay_Guest.php</file>
            <file>file:/C:/xampp/htdocs/Shop/conform.php</file>
            <file>file:/C:/xampp/htdocs/Shop/admin/product_add.php</file>
            <file>file:/C:/xampp/htdocs/Shop/index.php</file>
            <file>file:/C:/xampp/htdocs/Shop/Google.php</file>
            <file>file:/C:/xampp/htdocs/Shop/product-detail.php</file>
            <file>file:/C:/xampp/htdocs/Shop/action.php</file>
            <file>file:/C:/xampp/htdocs/Shop/profile.php</file>
            <file>file:/C:/xampp/htdocs/Shop/main.js</file>
        </group>
    </open-files>
</project-private>
